클리오 킬커버 메쉬 블러 쿠션,지베르니 밀착 커버 쿠션,에스쁘아 비벨벳 커버쿠션,헤라 리플렉션 스킨 글로우 쿠션,
클리오 킬커버 파운웨어 쿠션,지베르니 클라우드 메쉬 쿠션,에스쁘아 비글로우 볼륨 쿠션,헤라 블랙 쿠션 ,
클리오 킬커버 메쉬 글로우 에센셜 쿠션,,,,
클리오 킬커버 하이 글로우 쿠션,,,VDL 커버스테인 하이커버 쿠션,
,파넬 세럼 인 하이글로우 쿠션 ,,VDL 커버스테인 퍼펙팅 쿠션,에이프릴스킨 매직스노우쿠션
,파넬 시카마누 세럼쿠션,비디비치 블랙 퍼펙션 커버 핏 쿠션,,에이프릴스킨 히어로쿠션
정샘물 프로래스팅 결핏 메쉬 쿠션,,비디비치 누드 퍼펙션 스킨 핏 쿠션,퓌 쿠션 글래스 내추럴,
정샘물 에센셜 스킨 누더 쿠션,투쿨포스쿨 픽싱 커버 핏 쿠션,,퓌 쿠션 에그핏 커버,
정샘물 에센셜 스킨 누더 롱웨어 쿠션,투쿨포스쿨 에어 핏 쿠션,,퓌 쿠션 글래스 오리지널,
,,아누아 결 쿠션,,웨이크메이크 워터 글로우 코팅밤
이지듀 기미 앰플 쿠션,티르티르 마스크 핏 AI 필터 쿠션,,,
,,헤브블루 메이크업 프로 엑토인 트리 세미매트 핏 쿠션,에뛰드 워터 드롭 필터 쿠션,블랑디바 워터벨벳 쿠션
힌스 커버 마스터 핑크 쿠션,바닐라코 커버리셔스 얼티밋 화이트 쿠션,,,블랑디바 글림 커버리지 쿠션
힌스 세컨 스킨 글로우 쿠션,바닐라코 에센스 스킨 듀 쿠션,,오휘 얼티밋 커버 데니어 쿠션,블랑디바 글로우 온 쿠션
힌스 메쉬 매트 쿠션,,,,
,,,,루나 하이퍼 핏 필터 쿠션
투슬래시포 엔젤릭 새틴 쿠션,,네이밍 제로 그래비티 커버 업 쿠션 ,,
,,네이밍 레이어드 핏 쿠션,설화수 퍼펙팅 쿠션 에어리,포트레 벨벳 레이어 쿠션 매트
어뮤즈 에어리 포어 커버 쿠션,미샤 레이어링핏 파인피토뮤신 세럼 쿠션,,,
어뮤즈 세라믹 스킨 퍼펙터 쿠션,,프레시안 펩타세럼 쿠션,,에뛰드 클라우드 필터 쿠션
어뮤즈 듀 젤리 마스터 쿠션,,,토니모리 스킨톤 픽싱커버쿠션,
,자빈드서울 윙크 쿠션,어퓨 워터락 컴포트 베일 쿠션,,노베브 이지피지 필터 커버 쿠션
,,,차앤박 프로폴리스 앰플 인 커버 쿠션,
어바웃톤 워터 레이어핏 쿠션,라네즈 네오 쿠션 뮤이,,,얼터너티브스테레오 솝 누드 쿠션
어바웃톤 스킨 레이어 핏 쿠션,,더샘 스킨 퍼펙션 글루타치온 토닝 쿠션,,
,릴리바이레드 코튼 블러 쿠션,,,